cluster_id,source,scrap_id,title
0,2,102,ostrovit ostrovit whey protein wpc80 700 gr sin sabor
0,4,188,ostrovit whey protein sin sabor wpc80 15 lb
1,1,1,optimum nutrition gold standard 100% whey protein 5 lb original
1,1,4,optimum nutrition gold standard 100% whey protein 2 lb original
1,4,173,optimum nutrition muestra gold standard 100% whey
2,3,122,nitro tech 4lb muscletech
2,4,175,muscletech nitro tech 10 lbs
2,4,180,muscletech nitro tech 4 lbs
3,1,32,ultimate nutrition iso cool isolate protein 2 lb original
3,1,38,ultimate nutrition iso cool isolate protein 5 lb original
4,1,10,bsn syntha 6 whey protein 5 lb original
4,1,24,bsn syntha 6 whey protein 29 lb original
5,1,11,sportlab whey matrix whey protein 5 lb original
5,1,47,sportlab whey matrix whey protein 2 lb original
6,4,161,dymatize iso 100 3 lbs
6,4,162,dymatize iso 100 5 lbs
7,4,184,rule 1 rule1 whey protein blend 2 lbs
7,4,185,rule 1 rule1 whey protein blend 5 lbs
8,1,28,ultimate nutrition whey gold whey protein 5 lb original
8,1,36,ultimate nutrition whey gold whey protein 2 lb original
9,1,2,ultimate nutrition prostar whey whey protein 5 lb original
9,1,6,ultimate nutrition prostar whey whey protein 2 lb original
9,1,13,ultimate nutrition prostar whey whey protein 1 lb original
10,1,31,mutant whey 5 lb mutant
10,1,52,mutant whey 10 lb mutant
11,1,30,dymatize iso 100 hydrolized 1.43 lb dm
11,1,33,dymatize iso 100 hydrolized 1.36 lb dm
12,1,25,integralmedica whey 100% pure whey protein 2 lb original
12,1,54,integralmedica whey 100% pure whey protein 4 lb original
13,4,160,dymatize iso 100 1.4 lbs
14,2,105,ostrovit ostrovit 100% whey protein 2000 gr
14,2,112,ostrovit ostrovit 100% whey protein 700 gr
15,4,169,animal isolate whey protein animal 10 lb
15,4,170,animal isolate whey protein animal 4 lb
16,4,168,simply isolate protein simply 5 lb
17,4,181,ostrovit protein coffee proteina cafeina
18,2,99,optimum nutrition on whey gold standard 5 lb
18,2,104,optimum nutrition on whey gold standard 2 lb
19,3,146,whey protein 100% 5lb nutrex quemador phedracut usn
20,4,186,rule 1 rule1 whey protein isolate hydrolyzed 5 lb
21,4,163,bpi sports iso hd 5 lbs
22,2,98,ultimate nutrition ultimate nutrition prostar 5 lb
22,2,103,ultimate nutrition ultimate nutrition prostar 2 lb
23,1,7,muscletech nitro tech whey protein 4 lb original
23,1,15,muscletech nitro tech whey protein 2 lb original
24,4,179,muscletech nitro tech 2.2 lbs
25,1,56,integralmedica nutri whey protein 4 lb original
25,1,57,integralmedica nutri whey protein 2 lb original
26,4,155,simply 100% whey protein simply 5 lb
27,3,140,whey gold 6 lb pvl
28,4,153,ostrovit 100% whey ostrovit 1.5 lbs
29,4,182,ostrovit protein shake 1.5 lbs sabores
30,1,20,nutrex isofit isolate protein 5 lb original
30,1,22,nutrex isofit isolate protein 23 lb original
30,1,27,nutrex isofit isolate protein 5 lb
31,1,3,winkler whey pro win 44 lb
31,1,17,winkler whey pro win 22 lb
32,4,159,dymatize elite 100% whey 5 lbs
33,4,164,abe iso whey abe 2 lbs
34,3,143,your protein bar
35,4,172,finaflex muestra clear protein finaflex
36,3,145,dark bar 90gr integralmedica
37,4,178,muscletech nitro tech 100% whey gold edición limitada 5 lbs
38,3,139,twentys 60gr your goal
39,3,138,protein shake 330 ml qnt
40,3,135,proteína metapure whey isolate 500 ml qnt
41,3,136,crunchy bar 65gr qnt
42,4,156,animal animal 100% whey protein 4 lbs
43,1,45,isopure isopure low carb protein 1 lb chocolate
44,3,113,100% whey protein isolate gold standard 5lb on
45,4,183,redcon 1 ration 5 lbs redcon1
46,4,167,finaflex isolate protein finaflex 55 lb polera finaflex
47,3,131,protein bite 55gr your goal
48,3,134,whey 2 kg protein ostrovit quemador phedracut usn
49,3,142,your protein whey 1.28 kg
50,4,166,finaflex isolate protein finaflex 55 lb
51,4,158,cellucor c4 whey protein hersheys reeses
52,1,5,muscletech nitro tech 100% whey gold 5 lb original
52,1,19,muscletech nitro tech 100% whey gold 2 lb original
52,4,177,muscletech nitro tech 100% whey gold 5 lbs
53,2,100,biotechusa biotech 100% pure whey 1 servicio
54,4,154,ostrovit 100% whey protein 4.4 lbs ostrovit
55,2,107,biotechusa biotech 100% pure whey 5 lb
56,2,109,muscletech muscletech nitrotech whey gold 5 lb
57,3,129,whey hd 4.1lb bpi phedracut
58,1,66,qnt light digest whey pro 11 lb
59,4,176,muscletech nitro tech 100% whey gold 2.5 lbs
60,2,111,dymatize dymatize elite 100% whey protein 5 lb
61,4,165,nutrex isofit 5.1 lbs
62,4,171,redcon 1 isotope 5 lbs
63,4,174,simply muestra simply whey protein
64,3,128,whey 5lb performance kiffer phedracut
65,2,101,optimum nutrition on whey gold standard 1 servicio
66,3,144,protein crisp bar 45 gr integralmedica
67,3,127,ration whey redcon1 shaker fire
68,3,126,impact whey 5lb phedracut
69,1,39,sportlab whey matrix woman chocolate berries 2 lbs sportlab
70,3,125,whey 5 lb mutant phedracut
71,1,59,chef protein chef protein 2.8lb sin sabor
72,3,130,elite whey 5lb dymatize phedracut
73,1,62,optimum nutrition gold standard 100% isolate vainilla gf 1.58 lb on
74,3,115,iso 100 5lb dymatize phedracut
75,1,53,mutant 100% whey dual 4 lb triple chocolate/vanilla ice cream mtant
76,3,123,prostar 5lb whey phedracut
77,3,116,impact whey isolate 25 kg my protein
78,1,64,integralmedica my whey protein rtd 250ml im
79,1,65,syntrax nect medical 2lb unflavored syn
80,1,12,dymatize iso 100 isolate protein 5 lb
81,2,110,my protein myprotein impact whey 5.5 lb
82,1,58,integralmedica protein whey bar vo2 im
83,1,9,quest quest protein cookie snack proteico 59 gr
84,3,117,iso hd 90 cfm 4.4 lb amix
85,1,48,winkler whey pro win sachet 33 grs wkl
86,3,132,platinium 8hour protein muscletech 4.6 lb
87,1,35,winkler prote muscle 500 cc winkler
88,1,44,isopure isopure zero carb protein 1 lb unflavored
89,1,29,sportlab isolate matrix isolate protein 2 lb original
90,1,51,easybody skinny protein 450g easy
91,1,60,optimum nutrition gold standard 100% isolate chocolate bliss gf 1.64 lb on
92,3,124,nitro whey gold 5lb phedracut
93,2,108,nutrabio nutrabio classic whey protein 5 lb
94,3,147,c4 whey protein cellucor quemador phedracut usn
95,1,55,integralmedica my whey protein pouch 900gr im
96,3,120,isolate 5lb kiffer
97,1,41,quest protein bar mini quest
98,1,63,syntrax nect latte 2lb syn
99,3,121,gold standard 5lb on phedracut
100,1,42,isopure isopure zero carb protein 4.5 lb
101,1,8,myprotein impact whey protein 2.5 kg
102,1,49,syntrax nectar grab n go isolate protein 31 gr original
103,1,14,ultimate nutrition prostar 100% raw whey protein 22 lb original
104,1,43,syntrax nect 2lb syn
105,3,141,protein coffee ostrovit
106,4,187,bpi sports whey hd 4 lbs
107,1,46,muscletech grassfed 100% whey protein 1.8 lb mtech
108,1,21,optimum nutrition 100% whey protein isolate gold standard 2.91 lb original
109,3,133,whey protein 5lb inner armour phedracut
110,3,137,wafer bar 35 gr qnt
111,1,50,quest frosted cookies quest
112,1,26,myprotein impact whey isolate 25 kg
113,1,18,optimum nutrition gold standard 100% whey protein 4.65 lb original
114,1,67,nutrex whey protein 100% whey 5lb
115,1,37,mutant iso surge 5lb mutant
116,2,106,muscletech muscletech nitrotech 4 lb
117,1,23,optimum nutrition gold standard 100% whey protein 1.85 lb original
118,1,40,isopure isopure zero carb protein 3 lb
119,1,61,syntrax nectar isolate proteína 2 lb sin cafeína
120,4,152,ostrovit 100% whey isolate 4 lbs ostrovit
121,1,34,nutrex isofit 21 lb vainilla cream
122,1,16,optimum nutrition 100% whey protein isolate gold standard 5 lb original
123,4,157,animal animal whey isolate 2 lbs
